{
	"questionlist" :[{
		"question" : "do you know what is this 1",
		"answerlist" : [{"key": 1, "answer":"tes 1"},{"key" : 2, "answer":"tes 2"}, {"key" : 3, "answer":"tes 3"}, {"key": 4, "answer":"tes 4"}],
		"correct" : 1
	},
	{
		"question" : "do you know what is this 2",
		"answerlist" : [{"key": 1, "answer":"tes 1"},{"key" : 2, "answer":"tes 2"}, {"key" : 3, "answer":"tes 3"}, {"key": 4, "answer":"tes 4"}],
		"correct" : 2
	},
	{
		"question" : "do you know what is this 3",
		"answerlist" : [{"key": 1, "answer":"tes 1"},{"key" : 2, "answer":"tes 2"}, {"key" : 3, "answer":"tes 3"}, {"key": 4, "answer":"tes 4"}],
		"correct" : 3
	},
	{
		"question" : "do you know what is this 4",
		"answerlist" : [{"key": 1, "answer":"tes 1"},{"key" : 2, "answer":"tes 2"}, {"key" : 3, "answer":"tes 3"}, {"key": 4, "answer":"tes 4"}],
		"correct" : 4
	}]
}